city,state,latitude,longitude
Alvada,OH,41.0503322,-83.4018693
Amite,LA,30.7265747,-90.5089815
Antioch,TN,36.0600602,-86.6722192
Belden,MS,34.3103831,-88.7883888
Bethany,LA,32.3737683,-94.0379649
Blakeslee,PA,41.0925133,-75.5926681
Bois D Arc,MO,37.2564382,-93.507696
Boise,ID,43.6166163,-116.200886
Breezewood,PA,39.9990119,-78.2404221
Bridgewater,MA,41.9902206,-70.9754432
Brogue,PA,39.8723546,-76.4846387
Candler,NC,35.5444359,-82.6838032
Canon City,CO,38.4422506,-105.2348795
Casa Blanca,NM,35.046318,-107.4713938
Castle Creek,NY,42.2275753,-75.918253
Cedar Grove,TN,36.2517196,-86.5277724
Chappell Hill,TX,30.141529,-96.2567185
Chesterfield,VA,37.3777927,-77.5046698
Clear Brook,VA,39.2564912,-78.096111
Clines Corners,NM,35.0094982,-105.66918
Colgate,WI,43.1928301,-88.2067737
Cross Junction,VA,39.3203785,-78.2933382
Curtis Bay,MD,39.2252188,-76.5900312
Denmark,TN,35.5328546,-89.003952
Diamond,OH,41.0989463,-81.022871
Doswell,VA,37.8601402,-77.4641492
Drewryville,VA,36.7157055,-77.3063603
Dumont,CO,39.7646887,-105.600337
Eastaboga,AL,33.6059367,-86.0213587
Edwards,IL,40.7458704,-89.7442697
Elizabethport,NJ,40.6501031,-74.1870888
Ellabell,GA,32.1235368,-81.4856673
Ellenwood,GA,33.6101096,-84.287978
Fackler,AL,34.7925827,-85.9099775
Feasterville Trevose,PA,40.1484058,-74.9934733
Fortson,GA,33.3778914,-84.2888119
Franksville,WI,42.7600188,-87.9134133
Gansevoort,NY,43.1962051,-73.6513967
Gladstone,VA,37.5468094,-78.8494619
Glendale,KY,37.6017278,-85.9055189
Glenmont,NY,42.604802,-73.7695658
Grassy Butte,ND,47.3925145,-103.2479655
Greentown,PA,41.321755,-75.3054585
Grovertown,IN,41.3750434,-86.5047339
Gum Spring,VA,37.7755262,-77.8968114
Hamptonville,NC,36.0984684,-80.760345
Hankamer,TX,29.8582755,-94.6268618
Harpursville,NY,42.1784124,-75.6246298
Hartford,TN,35.8167646,-83.1432066
Heiskell,TN,36.081816,-84.0539821
Henrico,VA,37.6294756,-77.5189032
Hogansburg,NY,44.9739364,-74.6632416
Hunt Valley,MD,39.4922608,-76.6589528
Hurricane Mills,TN,35.9711736,-87.781969
Irving,NY,42.5675589,-79.1128169
Irvington,AL,30.5068623,-88.2338925
Isom,KY,37.1878764,-82.8987718
Ivydale,WV,38.310097,-81.7045688
Jean,NV,35.7788568,-115.3243823
Joelton,TN,36.3131076,-86.8652772
Kearneysville,WV,39.3881556,-77.8855516
Knoxville,AL,33.5917715,-85.8971885
Kodak,TN,35.9745323,-83.6268396
Lake Ariel,PA,41.4539745,-75.382681
Lambsburg,VA,36.5854078,-80.7611817
Lanexa,VA,37.4237573,-76.9010753
Larsen,WI,44.1916501,-88.623999
Lenorah,TX,32.30456,-101.8762483
Linwood,NC,35.7506938,-80.3178306
Maxwell,TX,29.881897,-97.7956423
Middlebury Center,PA,41.8436841,-77.2744202
Middlesboro,KY,36.6072968,-83.7143317
Middleton,MI,43.1833659,-84.7088895
Millersville,MD,39.0595542,-76.6480219
Milltown,MT,46.8712952,-113.8817192
Moapa,NV,36.6673648,-114.584977
Monroe Township,NJ,40.335756,-74.4334464
Monroeton,PA,41.7125751,-76.4746649
Mount Nebo,WV,39.6023047,-79.7078303
New Boston,MI,42.1625408,-83.4029885
New Hampton,NY,41.4098658,-74.4117435
Newburg,MD,38.3773478,-76.9533055
Newport,MI,42.0022672,-83.3085419
Newton Lower Falls,MA,42.3258005,-71.2563409
North Billerica,MA,42.5852621,-71.2877645
North Jackson,OH,41.1001272,-80.8571741
North Oxford,MA,42.1500947,-71.8684054
Nottingham,MD,39.3639964,-76.4521842
Orla,TX,31.8250149,-103.9090099
Ottawa Lake,MI,41.7641517,-83.7493869
Pendleton,KY,38.4622879,-85.3035678
Pioneer,TN,36.4175798,-84.3140995
Providence Forge,VA,37.4424264,-77.0439583
Pryor,OK,36.3084275,-95.3169136
Quinton,VA,37.5327893,-77.1154448
Rabun Gap,GA,34.9572143,-83.3864536
Raphine,VA,37.9373548,-79.2328102
Ridgedale,MO,36.5039535,-93.2237919
Rising Fawn,GA,34.7600791,-85.531076
Roans Prairie,TX,30.5836549,-95.943324
Rockville,VA,37.7259779,-77.6783239
Rosedale,VA,36.9592782,-81.9312351
Round O,SC,32.9371151,-80.5409352
Ruther Glen,VA,37.9408753,-77.4618647
S Coffeyville,OK,36.9945248,-95.6202552
Saint Croix,IN,38.2239531,-86.5863387
Sawyer,MI,41.8853207,-86.5894666
Skippers,VA,36.6118169,-77.5466463
Smiths Creek,MI,42.9139187,-82.6038085
Summerfield,FL,29.0085924,-82.0348092
Supply,NC,34.0176717,-78.267499
Tafton,PA,41.404534,-75.1829535
Teays,WV,38.4417571,-81.9529125
Tinnie,NM,33.3705561,-105.2263673
Townsend,VA,37.1849815,-75.958473
Troy,VA,37.9509737,-78.2463934
Waddy,KY,38.1370153,-85.0743978
Wall,TX,31.3743455,-100.30366
Waterfall,PA,40.1275826,-78.0627822
West Chesterfield,NH,42.9042482,-72.5156447
West Coxsackie,NY,42.3606399,-73.8167921
West Helena,AR,34.5440124,-90.6426195
Westover,MD,38.1240114,-75.7063171
Willow Beach,AZ,35.8697801,-114.6600654
Winnabow,NC,34.1493374,-78.0936046
Woodford,VA,38.1131886,-77.4088708
Drums,PA,41.018139,-75.9949252
Lawrence,MS,32.3251443,-89.2328394
Leesville,SC,33.916532,-81.5134368
Midland,GA,32.5748608,-84.827152
Milldale,CT,41.5661372,-72.8999672
Etters,PA,40.1548,-76.7969
Hot Springs National Park,AR,34.5037,-93.0552
Pueblo Of Acoma,NM,34.8962,-107.5817
Saint Johns,FL,30.0817,-81.5476
